DELETE FROM  DICT_CATALOG;
DELETE FROM ROLE_MAP_AUTHOR;
DELETE FROM USER_MAP_ROLE;
DELETE FROM SCOURCE_INFO;
DELETE FROM AUTHORITY_INFO;
DELETE FROM ROLE_INFO;
DELETE FROM ACCESS_DATA_POWER;
DELETE FROM USER_BASIC;
DELETE FROM DEPARTMENT_INFO;
/*====== 学历字典 ===============*/
INSERT INTO DICT_CATALOG (CATALOG_ID, ENTRY_TYPE, ENTRY_NAME, ENTRY_SHUTNAME, ENTRY_SIRE, ENTRY_ORDER,ENTRY_DESC, ENABLED) 
				VALUES ('0741e16a8bf7469084aab2b2509c648e', 0, '学历', 'educationBackground', '0741e16a8bf7469084aab2b2509c648e', 0, '用户注册使用', 1);
INSERT INTO DICT_CATALOG (CATALOG_ID, ENTRY_TYPE, ENTRY_NAME, ENTRY_SHUTNAME, ENTRY_SIRE, ENTRY_ORDER,ENTRY_DESC, ENABLED) 
				VALUES ('0a68e9f98bc841cfbf8b0434c68ech3k', 1, '小学', '小学', '0741e16a8bf7469084aab2b2509c648e', 1, '学历之一', 1);
INSERT INTO DICT_CATALOG (CATALOG_ID, ENTRY_TYPE, ENTRY_NAME, ENTRY_SHUTNAME, ENTRY_SIRE, ENTRY_ORDER,ENTRY_DESC, ENABLED) 
				VALUES ('0a68e9f98bc841cfbf8b0434c68ech4b', 1, '博士研究生', '博士', '0741e16a8bf7469084aab2b2509c648e', 7, '学历之一', 1);
INSERT INTO DICT_CATALOG (CATALOG_ID, ENTRY_TYPE, ENTRY_NAME, ENTRY_SHUTNAME, ENTRY_SIRE, ENTRY_ORDER,ENTRY_DESC, ENABLED) 
				VALUES ('0a68e9f98bc841cfbf8b0434c68ech3s', 1, '高中', '高中', '0741e16a8bf7469084aab2b2509c648e', 3, '学历之一', 1);
INSERT INTO DICT_CATALOG (CATALOG_ID, ENTRY_TYPE, ENTRY_NAME, ENTRY_SHUTNAME, ENTRY_SIRE, ENTRY_ORDER,ENTRY_DESC, ENABLED) 
				VALUES ('0a68e9f98bc841cfbf8b0434c68ech3e', 1, '初中', '初中', '0741e16a8bf7469084aab2b2509c648e', 2, '学历之一', 1);
INSERT INTO DICT_CATALOG (CATALOG_ID, ENTRY_TYPE, ENTRY_NAME, ENTRY_SHUTNAME, ENTRY_SIRE, ENTRY_ORDER,ENTRY_DESC, ENABLED) 
				VALUES ('0a68e9f98bc841cfbf8b0434c68ech3d', 1, '大专', '大专', '0741e16a8bf7469084aab2b2509c648e', 4, '学历之一', 1);
INSERT INTO DICT_CATALOG (CATALOG_ID, ENTRY_TYPE, ENTRY_NAME, ENTRY_SHUTNAME, ENTRY_SIRE, ENTRY_ORDER,ENTRY_DESC, ENABLED) 
				VALUES ('0a68e9f98bc841cfbf8b0434c68ech3b', 1, '本科', '本科', '0741e16a8bf7469084aab2b2509c648e', 5, '学历之一', 1);
INSERT INTO DICT_CATALOG (CATALOG_ID, ENTRY_TYPE, ENTRY_NAME, ENTRY_SHUTNAME, ENTRY_SIRE, ENTRY_ORDER,ENTRY_DESC, ENABLED) 
				VALUES ('0a68e9f98bc841cfbf8b0434c68ech4s', 1, '硕士研究生', '硕士', '0741e16a8bf7469084aab2b2509c648e', 6, '学历之一', 1);
/*====== 学位字典 ===============*/
INSERT INTO DICT_CATALOG (CATALOG_ID, ENTRY_TYPE, ENTRY_NAME, ENTRY_SHUTNAME, ENTRY_SIRE, ENTRY_ORDER,ENTRY_DESC, ENABLED) 
				VALUES ('0a68e9f98bc841cfbf8b0434c68ecb4f', 0, '学位', 'degree', '0a68e9f98bc841cfbf8b0434c68ecb4f', 0, '用户注册使用', 1);
INSERT INTO DICT_CATALOG (CATALOG_ID, ENTRY_TYPE, ENTRY_NAME, ENTRY_SHUTNAME, ENTRY_SIRE, ENTRY_ORDER,ENTRY_DESC, ENABLED) 
				VALUES ('0a68e9f98bc841cfbf8b0434c68ech6s', 1, '博士', '博士', '0a68e9f98bc841cfbf8b0434c68ecb4f', 3, '学位之一', 1);
INSERT INTO DICT_CATALOG (CATALOG_ID, ENTRY_TYPE, ENTRY_NAME, ENTRY_SHUTNAME, ENTRY_SIRE, ENTRY_ORDER,ENTRY_DESC, ENABLED) 
				VALUES ('87cf4fe67cf740b38b96d6a0e26e0fbc', 1, '博士后', '博士后', '0a68e9f98bc841cfbf8b0434c68ecb4f', 1, '学位之一', 1);
INSERT INTO DICT_CATALOG (CATALOG_ID, ENTRY_TYPE, ENTRY_NAME, ENTRY_SHUTNAME, ENTRY_SIRE, ENTRY_ORDER,ENTRY_DESC, ENABLED) 
				VALUES ('b5e8f28bc9824ecab9623c77fca9b2bc', 1, '专科', '专科', '0a68e9f98bc841cfbf8b0434c68ecb4f', 3, '学位之一', 1);
INSERT INTO DICT_CATALOG (CATALOG_ID, ENTRY_TYPE, ENTRY_NAME, ENTRY_SHUTNAME, ENTRY_SIRE, ENTRY_ORDER,ENTRY_DESC, ENABLED) 
				VALUES ('0a68e9f98bc841cfbf8b0434c68ech6r', 1, '硕士', '硕士', '0a68e9f98bc841cfbf8b0434c68ecb4f', 2, '学位之一', 1);
INSERT INTO DICT_CATALOG (CATALOG_ID, ENTRY_TYPE, ENTRY_NAME, ENTRY_SHUTNAME, ENTRY_SIRE, ENTRY_ORDER,ENTRY_DESC, ENABLED) 
				VALUES ('0a68e9f98bc841cfbf8b0434c68ech6t', 1, '学士', '学士', '0a68e9f98bc841cfbf8b0434c68ecb4f', 4, '学位之一', 1);
/*====== 政治面貌 ===============*/
INSERT INTO DICT_CATALOG (CATALOG_ID, ENTRY_TYPE, ENTRY_NAME, ENTRY_SHUTNAME, ENTRY_SIRE, ENTRY_ORDER,ENTRY_DESC, ENABLED) 
				VALUES ('1a27f9bf4b6646ccb011b2031611be53', 0, '政治面貌', 'politic', '1a27f9bf4b6646ccb011b2031611be53', 0, '用户注册使用', 1);
INSERT INTO DICT_CATALOG (CATALOG_ID, ENTRY_TYPE, ENTRY_NAME, ENTRY_SHUTNAME, ENTRY_SIRE, ENTRY_ORDER,ENTRY_DESC, ENABLED) 
				VALUES ('1a27f9bf4b6646ccb011b2031611be5e', 1, '群众', '群众', '1a27f9bf4b6646ccb011b2031611be53', 5, '政治面貌', 1);
INSERT INTO DICT_CATALOG (CATALOG_ID, ENTRY_TYPE, ENTRY_NAME, ENTRY_SHUTNAME, ENTRY_SIRE, ENTRY_ORDER,ENTRY_DESC, ENABLED) 
				VALUES ('1a27f9bf4b6646ccb011b2031611be5d', 1, '民主党派', '民主党派', '1a27f9bf4b6646ccb011b2031611be53', 4, '政治面貌', 1);
INSERT INTO DICT_CATALOG (CATALOG_ID, ENTRY_TYPE, ENTRY_NAME, ENTRY_SHUTNAME, ENTRY_SIRE, ENTRY_ORDER,ENTRY_DESC, ENABLED) 
				VALUES ('1a27f9bf4b6646ccb011b2031611be5c', 1, '共青团员', '团员', '1a27f9bf4b6646ccb011b2031611be53', 3, '政治面貌', 1);
INSERT INTO DICT_CATALOG (CATALOG_ID, ENTRY_TYPE, ENTRY_NAME, ENTRY_SHUTNAME, ENTRY_SIRE, ENTRY_ORDER,ENTRY_DESC, ENABLED) 
				VALUES ('1a27f9bf4b6646ccb011b2031611be5b', 1, '预备党员', '预备党员', '1a27f9bf4b6646ccb011b2031611be53', 1, '政治面貌', 1);
INSERT INTO DICT_CATALOG (CATALOG_ID, ENTRY_TYPE, ENTRY_NAME, ENTRY_SHUTNAME, ENTRY_SIRE, ENTRY_ORDER,ENTRY_DESC, ENABLED) 
				VALUES ('1a27f9bf4b6646ccb011b2031611be5a', 1, '中共党员', '党员', '1a27f9bf4b6646ccb011b2031611be53', 2, '政治面貌', 1);
/*====== 职称 ===============*/
INSERT INTO DICT_CATALOG (CATALOG_ID, ENTRY_TYPE, ENTRY_NAME, ENTRY_SHUTNAME, ENTRY_SIRE, ENTRY_ORDER,ENTRY_DESC, ENABLED) 
				VALUES ('3f085794941d49c7aad553e2cef17442', 0, '职称', 'qualification', '3f085794941d49c7aad553e2cef17442', 0, '', 1);
INSERT INTO DICT_CATALOG (CATALOG_ID, ENTRY_TYPE, ENTRY_NAME, ENTRY_SHUTNAME, ENTRY_SIRE, ENTRY_ORDER,ENTRY_DESC, ENABLED) 
				VALUES ('3f085794941d49c7aad553e2cef1744g', 1, '测试设计师', '测试设计师', '3f085794941d49c7aad553e2cef17442', 7, '职称之一', 1);
INSERT INTO DICT_CATALOG (CATALOG_ID, ENTRY_TYPE, ENTRY_NAME, ENTRY_SHUTNAME, ENTRY_SIRE, ENTRY_ORDER,ENTRY_DESC, ENABLED) 
				VALUES ('3f085794941d49c7aad553e2cef1744f', 1, '测试工程师', '测试工程师', '3f085794941d49c7aad553e2cef17442', 6, '职称之一', 1);
INSERT INTO DICT_CATALOG (CATALOG_ID, ENTRY_TYPE, ENTRY_NAME, ENTRY_SHUTNAME, ENTRY_SIRE, ENTRY_ORDER,ENTRY_DESC, ENABLED) 
				VALUES ('3f085794941d49c7aad553e2cef1744h', 1, '资深测试设计师', '资深测试设计师', '3f085794941d49c7aad553e2cef17442', 8, '职称之一', 1);
INSERT INTO DICT_CATALOG (CATALOG_ID, ENTRY_TYPE, ENTRY_NAME, ENTRY_SHUTNAME, ENTRY_SIRE, ENTRY_ORDER,ENTRY_DESC, ENABLED) 
				VALUES ('3f085794941d49c7aad553e2cef1744k', 1, '高级项目软件经理', '高级项目软件经理', '3f085794941d49c7aad553e2cef17442', 0, '职称之一', 1);
INSERT INTO DICT_CATALOG (CATALOG_ID, ENTRY_TYPE, ENTRY_NAME, ENTRY_SHUTNAME, ENTRY_SIRE, ENTRY_ORDER,ENTRY_DESC, ENABLED) 
				VALUES ('3f085794941d49c7aad553e2cef1744j', 1, '项目软件经理', '项目软件经理', '3f085794941d49c7aad553e2cef17442', 10, '职称之一', 1);
INSERT INTO DICT_CATALOG (CATALOG_ID, ENTRY_TYPE, ENTRY_NAME, ENTRY_SHUTNAME, ENTRY_SIRE, ENTRY_ORDER,ENTRY_DESC, ENABLED) 
				VALUES ('3f085794941d49c7aad553e2cef1744e', 1, '初级测试工程师', '初级测试工程师', '3f085794941d49c7aad553e2cef17442', 5, '职称之一', 1);
INSERT INTO DICT_CATALOG (CATALOG_ID, ENTRY_TYPE, ENTRY_NAME, ENTRY_SHUTNAME, ENTRY_SIRE, ENTRY_ORDER,ENTRY_DESC, ENABLED) 
				VALUES ('3f085794941d49c7aad553e2cef1744c', 1, '高级软件工程师', '高级软件工程师', '3f085794941d49c7aad553e2cef17442', 3, '职称之一', 1);
INSERT INTO DICT_CATALOG (CATALOG_ID, ENTRY_TYPE, ENTRY_NAME, ENTRY_SHUTNAME, ENTRY_SIRE, ENTRY_ORDER,ENTRY_DESC, ENABLED) 
				VALUES ('3f085794941d49c7aad553e2cef1744a', 1, '初级软件工程师', '初级软件工程师', '3f085794941d49c7aad553e2cef17442', 1, '职称之一', 1);
INSERT INTO DICT_CATALOG (CATALOG_ID, ENTRY_TYPE, ENTRY_NAME, ENTRY_SHUTNAME, ENTRY_SIRE, ENTRY_ORDER,ENTRY_DESC, ENABLED) 
				VALUES ('3f085794941d49c7aad553e2cef1744i', 1, '项目经理', '项目经理', '3f085794941d49c7aad553e2cef17442', 9, '职称之一', 1);
INSERT INTO DICT_CATALOG (CATALOG_ID, ENTRY_TYPE, ENTRY_NAME, ENTRY_SHUTNAME, ENTRY_SIRE, ENTRY_ORDER,ENTRY_DESC, ENABLED) 
				VALUES ('3f085794941d49c7aad553e2cef1744d', 1, '资深软件工程师', '资深软件工程师', '3f085794941d49c7aad553e2cef17442', 4, '职称之一', 1);
INSERT INTO DICT_CATALOG (CATALOG_ID, ENTRY_TYPE, ENTRY_NAME, ENTRY_SHUTNAME, ENTRY_SIRE, ENTRY_ORDER,ENTRY_DESC, ENABLED) 
				VALUES ('3f085794941d49c7aad553e2cef1744b', 1, '中级软件工程师', '中级软件工程师', '3f085794941d49c7aad553e2cef17442', 2, '职称之一', 1);
/*====== 项目状态 ===============*/
INSERT INTO DICT_CATALOG (CATALOG_ID, ENTRY_TYPE, ENTRY_NAME, ENTRY_SHUTNAME, ENTRY_SIRE, ENTRY_ORDER,ENTRY_DESC, ENABLED) 
				VALUES ('3f085794941d49c7aad553e2cef17444', 0, '项目状态', 'projectStatus', '3f085794941d49c7aad553e2cef17444', 0, '项目信息维护', 1);
INSERT INTO DICT_CATALOG (CATALOG_ID, ENTRY_TYPE, ENTRY_NAME, ENTRY_SHUTNAME, ENTRY_SIRE, ENTRY_ORDER,ENTRY_DESC, ENABLED) 
				VALUES ('ee11654d66124e118aee3df7ebb04b87', 1, '结束', '结束', '3f085794941d49c7aad553e2cef17444', 2, '项目状态之一', 1);
INSERT INTO DICT_CATALOG (CATALOG_ID, ENTRY_TYPE, ENTRY_NAME, ENTRY_SHUTNAME, ENTRY_SIRE, ENTRY_ORDER,ENTRY_DESC, ENABLED) 
				VALUES ('50849f00e33742539b6da59ecc3a5515', 1, '未开始', 'WKS', '3f085794941d49c7aad553e2cef17444', 5, '项目状态之一', 1);
INSERT INTO DICT_CATALOG (CATALOG_ID, ENTRY_TYPE, ENTRY_NAME, ENTRY_SHUTNAME, ENTRY_SIRE, ENTRY_ORDER,ENTRY_DESC, ENABLED) 
				VALUES ('c9cc1e7712694fd69e0e6e4bbf8cbbc3', 1, '终止', '终止', '3f085794941d49c7aad553e2cef17444', 4, '项目非正常结束', 1);
INSERT INTO DICT_CATALOG (CATALOG_ID, ENTRY_TYPE, ENTRY_NAME, ENTRY_SHUTNAME, ENTRY_SIRE, ENTRY_ORDER,ENTRY_DESC, ENABLED) 
				VALUES ('b8f3dde1dcb14a3c858726953db2d77c', 1, '暂停', '暂停', '3f085794941d49c7aad553e2cef17444', 3, '项目暂定状态标志', 1);
INSERT INTO DICT_CATALOG (CATALOG_ID, ENTRY_TYPE, ENTRY_NAME, ENTRY_SHUTNAME, ENTRY_SIRE, ENTRY_ORDER,ENTRY_DESC, ENABLED) 
				VALUES ('b9cca6cb3163425987529be72b7a1dca', 1, '进行中', '在行', '3f085794941d49c7aad553e2cef17444', 1, '项目在行状态', 1);
/*====== 项目子活动 ===============*/
INSERT INTO DICT_CATALOG (CATALOG_ID, ENTRY_TYPE, ENTRY_NAME, ENTRY_SHUTNAME, ENTRY_SIRE, ENTRY_ORDER,ENTRY_DESC, ENABLED) 
				VALUES ('3f085794aa1d49c7aad553e2ref1r444', 0, '项目子活动', 'subProjActivity', '3f085794aa1d49c7aad553e2ref1r444', 0, '项目子活动描述', 1);
INSERT INTO DICT_CATALOG (CATALOG_ID, ENTRY_TYPE, ENTRY_NAME, ENTRY_SHUTNAME, ENTRY_SIRE, ENTRY_ORDER,ENTRY_DESC, ENABLED) 
				VALUES ('54c8c5a8a00b403d85735f70119dcc0c', 1, '手册编制', '手册编制', '3f085794aa1d49c7aad553e2ref1r444', 12, '手册编制', 1);
INSERT INTO DICT_CATALOG (CATALOG_ID, ENTRY_TYPE, ENTRY_NAME, ENTRY_SHUTNAME, ENTRY_SIRE, ENTRY_ORDER,ENTRY_DESC, ENABLED) 
				VALUES ('5200c53c1d30467ab31b26d451a4ab2c', 1, '项目培训', '项目培训', '3f085794aa1d49c7aad553e2ref1r444', 23, '项目培训', 1);
INSERT INTO DICT_CATALOG (CATALOG_ID, ENTRY_TYPE, ENTRY_NAME, ENTRY_SHUTNAME, ENTRY_SIRE, ENTRY_ORDER,ENTRY_DESC, ENABLED) 
				VALUES ('5de4599685a342059120ccf380008ae1', 1, '代码检查', '代码检查', '3f085794aa1d49c7aad553e2ref1r444', 8, '代码检查', 1);
INSERT INTO DICT_CATALOG (CATALOG_ID, ENTRY_TYPE, ENTRY_NAME, ENTRY_SHUTNAME, ENTRY_SIRE, ENTRY_ORDER,ENTRY_DESC, ENABLED) 
				VALUES ('5ddfed890025488a8beff14de23f0d7a', 1, '其他', '其他', '3f085794aa1d49c7aad553e2ref1r444', 24, '其他', 1);
INSERT INTO DICT_CATALOG (CATALOG_ID, ENTRY_TYPE, ENTRY_NAME, ENTRY_SHUTNAME, ENTRY_SIRE, ENTRY_ORDER,ENTRY_DESC, ENABLED) 
				VALUES ('79661f1ba612403f9406433eed62f081', 1, '项目策划', '项目策划', '3f085794aa1d49c7aad553e2ref1r444', 18, '项目策划', 1);
INSERT INTO DICT_CATALOG (CATALOG_ID, ENTRY_TYPE, ENTRY_NAME, ENTRY_SHUTNAME, ENTRY_SIRE, ENTRY_ORDER,ENTRY_DESC, ENABLED) 
				VALUES ('4ffeffd5a7e04bf28989766288b4e26a', 1, '质量保证', '质量保证', '3f085794aa1d49c7aad553e2ref1r444', 21, '质量保证', 1);
INSERT INTO DICT_CATALOG (CATALOG_ID, ENTRY_TYPE, ENTRY_NAME, ENTRY_SHUTNAME, ENTRY_SIRE, ENTRY_ORDER,ENTRY_DESC, ENABLED) 
				VALUES ('83a5d536a2b34ae59ffbcb5519ed256f', 1, '编码实现', '编码实现', '3f085794aa1d49c7aad553e2ref1r444', 7, '编码实现', 1);
INSERT INTO DICT_CATALOG (CATALOG_ID, ENTRY_TYPE, ENTRY_NAME, ENTRY_SHUTNAME, ENTRY_SIRE, ENTRY_ORDER,ENTRY_DESC, ENABLED) 
				VALUES ('8b69b62cad444ece9287cfa3b22efb13', 1, '集成测试', '集成测试', '3f085794aa1d49c7aad553e2ref1r444', 10, '集成测试', 1);
INSERT INTO DICT_CATALOG (CATALOG_ID, ENTRY_TYPE, ENTRY_NAME, ENTRY_SHUTNAME, ENTRY_SIRE, ENTRY_ORDER,ENTRY_DESC, ENABLED) 
				VALUES ('9b6b6ec417934e14ab654e78a69b683f', 1, '概要设计', '概要设计', '3f085794aa1d49c7aad553e2ref1r444', 5, '概要设计', 1);
INSERT INTO DICT_CATALOG (CATALOG_ID, ENTRY_TYPE, ENTRY_NAME, ENTRY_SHUTNAME, ENTRY_SIRE, ENTRY_ORDER,ENTRY_DESC, ENABLED) 
				VALUES ('f9543077bc8d460fb882af7ad56e2ed2', 1, '系统设计', '系统设计', '3f085794aa1d49c7aad553e2ref1r444', 4, '系统设计', 1);
INSERT INTO DICT_CATALOG (CATALOG_ID, ENTRY_TYPE, ENTRY_NAME, ENTRY_SHUTNAME, ENTRY_SIRE, ENTRY_ORDER,ENTRY_DESC, ENABLED) 
				VALUES ('ca90787a6f074cb6bea32ffc28c343cd', 1, '系统测试', '系统测试', '3f085794aa1d49c7aad553e2ref1r444', 11, '系统测试', 1);
INSERT INTO DICT_CATALOG (CATALOG_ID, ENTRY_TYPE, ENTRY_NAME, ENTRY_SHUTNAME, ENTRY_SIRE, ENTRY_ORDER,ENTRY_DESC, ENABLED) 
				VALUES ('03854a42f2c54e5d8e3927eb6d7d4411', 1, '项目例会', '项目例会', '3f085794aa1d49c7aad553e2ref1r444', 20, '项目例会', 1);
INSERT INTO DICT_CATALOG (CATALOG_ID, ENTRY_TYPE, ENTRY_NAME, ENTRY_SHUTNAME, ENTRY_SIRE, ENTRY_ORDER,ENTRY_DESC, ENABLED) 
				VALUES ('09f72975f83741b68d21ba887307d40a', 1, '软件实施', '软件实施', '3f085794aa1d49c7aad553e2ref1r444', 13, '软件实施', 1);
INSERT INTO DICT_CATALOG (CATALOG_ID, ENTRY_TYPE, ENTRY_NAME, ENTRY_SHUTNAME, ENTRY_SIRE, ENTRY_ORDER,ENTRY_DESC, ENABLED) 
				VALUES ('2a89d2c0de934ef49f52550042c4b0b7', 1, '技术预研', '技术预研', '3f085794aa1d49c7aad553e2ref1r444', 1, '技术预研', 1);
INSERT INTO DICT_CATALOG (CATALOG_ID, ENTRY_TYPE, ENTRY_NAME, ENTRY_SHUTNAME, ENTRY_SIRE, ENTRY_ORDER,ENTRY_DESC, ENABLED) 
				VALUES ('f5f02378c9e34c328151c057d6d3eb71', 1, '需求调研', '需求调研', '3f085794aa1d49c7aad553e2ref1r444', 2, '需求调研', 1);
INSERT INTO DICT_CATALOG (CATALOG_ID, ENTRY_TYPE, ENTRY_NAME, ENTRY_SHUTNAME, ENTRY_SIRE, ENTRY_ORDER,ENTRY_DESC, ENABLED) 
				VALUES ('170bd87ca2f64e7784c7d2e43d6ff5f8', 1, '试运行', '试运行', '3f085794aa1d49c7aad553e2ref1r444', 14, '试运行', 1);
INSERT INTO DICT_CATALOG (CATALOG_ID, ENTRY_TYPE, ENTRY_NAME, ENTRY_SHUTNAME, ENTRY_SIRE, ENTRY_ORDER,ENTRY_DESC, ENABLED) 
				VALUES ('1b8f1010ae0140c0be98d27e62ef94c3', 1, '目录系统维护', '系统维护', '3f085794aa1d49c7aad553e2ref1r444', 16, '系统维护', 1);
INSERT INTO DICT_CATALOG (CATALOG_ID, ENTRY_TYPE, ENTRY_NAME, ENTRY_SHUTNAME, ENTRY_SIRE, ENTRY_ORDER,ENTRY_DESC, ENABLED) 
				VALUES ('24c998197d194a7eaa7266d5ff070aca', 1, '系统验收', '系统验收', '3f085794aa1d49c7aad553e2ref1r444', 15, '系统验收', 1);
INSERT INTO DICT_CATALOG (CATALOG_ID, ENTRY_TYPE, ENTRY_NAME, ENTRY_SHUTNAME, ENTRY_SIRE, ENTRY_ORDER,ENTRY_DESC, ENABLED) 
				VALUES ('c6fe74cb429144c894c8cb87efd9626f', 1, '需求分析', '需求分析', '3f085794aa1d49c7aad553e2ref1r444', 3, '需求分析', 1);
INSERT INTO DICT_CATALOG (CATALOG_ID, ENTRY_TYPE, ENTRY_NAME, ENTRY_SHUTNAME, ENTRY_SIRE, ENTRY_ORDER,ENTRY_DESC, ENABLED) 
				VALUES ('3ece13a047a4475985329153d02ebd4b', 1, '单元测试', '单元测试', '3f085794aa1d49c7aad553e2ref1r444', 9, '单元测试', 1);
INSERT INTO DICT_CATALOG (CATALOG_ID, ENTRY_TYPE, ENTRY_NAME, ENTRY_SHUTNAME, ENTRY_SIRE, ENTRY_ORDER,ENTRY_DESC, ENABLED) 
				VALUES ('a0fb2e1bbbc846e4a8ecb98ff427bfc2', 1, '配置管理', '配置管理', '3f085794aa1d49c7aad553e2ref1r444', 21, '配置管理', 1);
INSERT INTO DICT_CATALOG (CATALOG_ID, ENTRY_TYPE, ENTRY_NAME, ENTRY_SHUTNAME, ENTRY_SIRE, ENTRY_ORDER,ENTRY_DESC, ENABLED) 
				VALUES ('34281dab916e431686893082d0f66272', 1, '详细设计', '详细设计', '3f085794aa1d49c7aad553e2ref1r444', 6, '详细设计', 1);
INSERT INTO DICT_CATALOG (CATALOG_ID, ENTRY_TYPE, ENTRY_NAME, ENTRY_SHUTNAME, ENTRY_SIRE, ENTRY_ORDER,ENTRY_DESC, ENABLED) 
				VALUES ('b4b09abe3a6a49e686dedda0294c828d', 1, '提供服务', '提供服务', '3f085794aa1d49c7aad553e2ref1r444', 17, '提供服务', 1);
INSERT INTO DICT_CATALOG (CATALOG_ID, ENTRY_TYPE, ENTRY_NAME, ENTRY_SHUTNAME, ENTRY_SIRE, ENTRY_ORDER,ENTRY_DESC, ENABLED) 
				VALUES ('b54c858f918f48c9a605505e3c5ad22f', 1, '项目监控', '项目监控', '3f085794aa1d49c7aad553e2ref1r444', 19, '项目监控', 1);
/*====== 项目活动 ===============*/
INSERT INTO DICT_CATALOG (CATALOG_ID, ENTRY_TYPE, ENTRY_NAME, ENTRY_SHUTNAME, ENTRY_SIRE, ENTRY_ORDER,ENTRY_DESC, ENABLED) 
				VALUES ('3f085794d41d49c7afd55332cef17442', 0, '项目活动', 'projActivity', '3f085794d41d49c7afd55332cef17442', 0, '项目活动描述', 1);
INSERT INTO DICT_CATALOG (CATALOG_ID, ENTRY_TYPE, ENTRY_NAME, ENTRY_SHUTNAME, ENTRY_SIRE, ENTRY_ORDER,ENTRY_DESC, ENABLED) 
				VALUES ('95a61c6bd7f847ca852ce183925a8954', 1, '验收', '验收', '3f085794d41d49c7afd55332cef17442', 7, '验收描述', 1);
INSERT INTO DICT_CATALOG (CATALOG_ID, ENTRY_TYPE, ENTRY_NAME, ENTRY_SHUTNAME, ENTRY_SIRE, ENTRY_ORDER,ENTRY_DESC, ENABLED) 
				VALUES ('f68cbb9447e3451286e95579fc2c8689', 1, '测试数据2', '缩写2', '3f085794d41d49c7afd55332cef17442', 1, '描述2', 0);
INSERT INTO DICT_CATALOG (CATALOG_ID, ENTRY_TYPE, ENTRY_NAME, ENTRY_SHUTNAME, ENTRY_SIRE, ENTRY_ORDER,ENTRY_DESC, ENABLED) 
				VALUES ('a03d64156a4c4ec4a2b42b13191af267', 1, '实施', '实施', '3f085794d41d49c7afd55332cef17442', 6, '实施描述', 1);
INSERT INTO DICT_CATALOG (CATALOG_ID, ENTRY_TYPE, ENTRY_NAME, ENTRY_SHUTNAME, ENTRY_SIRE, ENTRY_ORDER,ENTRY_DESC, ENABLED) 
				VALUES ('e6da17930e9e4c168b084dbc779cc9d6', 1, '需求', '需求', '3f085794d41d49c7afd55332cef17442', 1, '需求描述', 1);
INSERT INTO DICT_CATALOG (CATALOG_ID, ENTRY_TYPE, ENTRY_NAME, ENTRY_SHUTNAME, ENTRY_SIRE, ENTRY_ORDER,ENTRY_DESC, ENABLED) 
				VALUES ('891731b4e2434fb9b981d43328138263', 1, '维护', '维护', '3f085794d41d49c7afd55332cef17442', 8, '维护描述', 1);
INSERT INTO DICT_CATALOG (CATALOG_ID, ENTRY_TYPE, ENTRY_NAME, ENTRY_SHUTNAME, ENTRY_SIRE, ENTRY_ORDER,ENTRY_DESC, ENABLED) 
				VALUES ('96a530280ced4b30b5c60b48289e15c1', 1, '设计', '设计', '3f085794d41d49c7afd55332cef17442', 2, '设计描述', 1);
INSERT INTO DICT_CATALOG (CATALOG_ID, ENTRY_TYPE, ENTRY_NAME, ENTRY_SHUTNAME, ENTRY_SIRE, ENTRY_ORDER,ENTRY_DESC, ENABLED) 
				VALUES ('95ded835cda84560a7c7b2069bf59a9e', 1, '管理', '管理', '3f085794d41d49c7afd55332cef17442', 9, '管理描述', 1);
INSERT INTO DICT_CATALOG (CATALOG_ID, ENTRY_TYPE, ENTRY_NAME, ENTRY_SHUTNAME, ENTRY_SIRE, ENTRY_ORDER,ENTRY_DESC, ENABLED) 
				VALUES ('5cb2a4e1d9fa4d849e05ae9a874e34e2', 1, '测试', '测试', '3f085794d41d49c7afd55332cef17442', 4, '测试描述', 1);
INSERT INTO DICT_CATALOG (CATALOG_ID, ENTRY_TYPE, ENTRY_NAME, ENTRY_SHUTNAME, ENTRY_SIRE, ENTRY_ORDER,ENTRY_DESC, ENABLED) 
				VALUES ('47b4019bb352403399f73d97ff089ac7', 1, '质保', '质保', '3f085794d41d49c7afd55332cef17442', 10, '质保描述', 1);
INSERT INTO DICT_CATALOG (CATALOG_ID, ENTRY_TYPE, ENTRY_NAME, ENTRY_SHUTNAME, ENTRY_SIRE, ENTRY_ORDER,ENTRY_DESC, ENABLED) 
				VALUES ('5d2bc7a4a3224d4ea14832c877327f53', 1, '手册', '手册', '3f085794d41d49c7afd55332cef17442', 5, '手册描述', 1);
INSERT INTO DICT_CATALOG (CATALOG_ID, ENTRY_TYPE, ENTRY_NAME, ENTRY_SHUTNAME, ENTRY_SIRE, ENTRY_ORDER,ENTRY_DESC, ENABLED) 
				VALUES ('470e694746e74ba4857796212867abae', 1, '培训', '培训', '3f085794d41d49c7afd55332cef17442', 11, '培训描述', 1);
INSERT INTO DICT_CATALOG (CATALOG_ID, ENTRY_TYPE, ENTRY_NAME, ENTRY_SHUTNAME, ENTRY_SIRE, ENTRY_ORDER,ENTRY_DESC, ENABLED) 
				VALUES ('2c45584308454051ada10390b8580e72', 1, '编码', '编码', '3f085794d41d49c7afd55332cef17442', 3, '编码描述', 1);
INSERT INTO DICT_CATALOG (CATALOG_ID, ENTRY_TYPE, ENTRY_NAME, ENTRY_SHUTNAME, ENTRY_SIRE, ENTRY_ORDER,ENTRY_DESC, ENABLED) 
				VALUES ('01d636b2243f4ae9bc9076f6b520840a', 1, '其他', '其他', '3f085794d41d49c7afd55332cef17442', 12, '其他描述', 1);
/*====== 工时类别 ===============*/
INSERT INTO DICT_CATALOG (CATALOG_ID, ENTRY_TYPE, ENTRY_NAME, ENTRY_SHUTNAME, ENTRY_SIRE, ENTRY_ORDER,ENTRY_DESC, ENABLED) 
				VALUES ('3f0f5g94aa1d49c7aadk53e2ref1r434', 0, '工时类别', 'manHourType', '3f0f5g94aa1d49c7aadk53e2ref1r434', 0, '工时类别描述', 1);
INSERT INTO DICT_CATALOG (CATALOG_ID, ENTRY_TYPE, ENTRY_NAME, ENTRY_SHUTNAME, ENTRY_SIRE, ENTRY_ORDER,ENTRY_DESC, ENABLED) 
				VALUES ('0d0cc048adf440edb55d8e53d756439c', 1, '正常', '正常', '3f0f5g94aa1d49c7aadk53e2ref1r434', 1, '正常', 1);
INSERT INTO DICT_CATALOG (CATALOG_ID, ENTRY_TYPE, ENTRY_NAME, ENTRY_SHUTNAME, ENTRY_SIRE, ENTRY_ORDER,ENTRY_DESC, ENABLED) 
				VALUES ('3692b9cd731a452ea9e9c55efa5c9618', 1, '请假', '请假', '3f0f5g94aa1d49c7aadk53e2ref1r434', 3, '请假', 1);
INSERT INTO DICT_CATALOG (CATALOG_ID, ENTRY_TYPE, ENTRY_NAME, ENTRY_SHUTNAME, ENTRY_SIRE, ENTRY_ORDER,ENTRY_DESC, ENABLED) 
				VALUES ('dba8abe0a65945a49ebfc587c947d920', 1, '加班', '加班', '3f0f5g94aa1d49c7aadk53e2ref1r434', 2, '加班', 1);
/*====== 日报工作状态 ===============*/
INSERT INTO DICT_CATALOG (CATALOG_ID, ENTRY_TYPE, ENTRY_NAME, ENTRY_SHUTNAME, ENTRY_SIRE, ENTRY_ORDER,ENTRY_DESC, ENABLED) 
				VALUES ('3f0f5g94ao1d49c7aydk53i2ref1k434', 0, '日报工作状态', 'dailyReportWorkStatus', '3f0f5g94ao1d49c7aydk53i2ref1k434', 0, '日报工作状态', 1);
INSERT INTO DICT_CATALOG (CATALOG_ID, ENTRY_TYPE, ENTRY_NAME, ENTRY_SHUTNAME, ENTRY_SIRE, ENTRY_ORDER,ENTRY_DESC, ENABLED) 
				VALUES ('6cd9fbcecbe24ce4acf648fc4318da05', 1, '完成', '完成', '3f0f5g94ao1d49c7aydk53i2ref1k434', 1, '完成', 1);
INSERT INTO DICT_CATALOG (CATALOG_ID, ENTRY_TYPE, ENTRY_NAME, ENTRY_SHUTNAME, ENTRY_SIRE, ENTRY_ORDER,ENTRY_DESC, ENABLED) 
				VALUES ('defc789837874258b9d070f22e108ab7', 1, '进行中', '进行中', '3f0f5g94ao1d49c7aydk53i2ref1k434', 2, '进行中', 1);
/*====== 在场状态 ===============*/
INSERT INTO DICT_CATALOG (CATALOG_ID, ENTRY_TYPE, ENTRY_NAME, ENTRY_SHUTNAME, ENTRY_SIRE, ENTRY_ORDER,ENTRY_DESC, ENABLED) 
				VALUES ('3f0hxj94941d49c7aad553e2cef17444', 0, '在场状态', 'factoryStatus', '3f0hxj94941d49c7aad553e2cef17444', 0, '在场状态描述：在场/离厂', 1);
INSERT INTO DICT_CATALOG (CATALOG_ID, ENTRY_TYPE, ENTRY_NAME, ENTRY_SHUTNAME, ENTRY_SIRE, ENTRY_ORDER,ENTRY_DESC, ENABLED) 
				VALUES ('3e4dd767251641bba1050e746d33965f', 1, '离场', 'LC', '3f0hxj94941d49c7aad553e2cef17444', 2, '离厂状态', 1);
INSERT INTO DICT_CATALOG (CATALOG_ID, ENTRY_TYPE, ENTRY_NAME, ENTRY_SHUTNAME, ENTRY_SIRE, ENTRY_ORDER,ENTRY_DESC, ENABLED) 
				VALUES ('a807a50e10994b07ab11849a6fd0158b', 1, '在场', 'ZC', '3f0hxj94941d49c7aad553e2cef17444', 1, '人员在场', 1);
/*====== 公司部门 ===============*/
INSERT INTO DICT_CATALOG (CATALOG_ID, ENTRY_TYPE, ENTRY_NAME, ENTRY_SHUTNAME, ENTRY_SIRE, ENTRY_ORDER,ENTRY_DESC, ENABLED) 
				VALUES ('3fhxjg94aa1d49c7aadk53e2ref1r400', 0, '公司部门', 'posttype', '3fhxjg94aa1d49c7aadk53e2ref1r400', 0, '人员注册使用', 1);
INSERT INTO DICT_CATALOG (CATALOG_ID, ENTRY_TYPE, ENTRY_NAME, ENTRY_SHUTNAME, ENTRY_SIRE, ENTRY_ORDER,ENTRY_DESC, ENABLED) 
				VALUES ('2c0786c4777b4354ac5fb762f2542090', 1, '其他', 'OTHER', '3fhxjg94aa1d49c7aadk53e2ref1r400', 2, '其他未知部门', 1);
INSERT INTO DICT_CATALOG (CATALOG_ID, ENTRY_TYPE, ENTRY_NAME, ENTRY_SHUTNAME, ENTRY_SIRE, ENTRY_ORDER,ENTRY_DESC, ENABLED) 
				VALUES ('d52ad208f3544d728bf3ff0cebdb1e68', 1, '软开部', 'RKB', '3fhxjg94aa1d49c7aadk53e2ref1r400', 1, '东软软开部门', 1);
INSERT INTO DICT_CATALOG (CATALOG_ID, ENTRY_TYPE, ENTRY_NAME, ENTRY_SHUTNAME, ENTRY_SIRE, ENTRY_ORDER,ENTRY_DESC, ENABLED) 
				VALUES ('654544f6c242468cb958fd4196d3e6a4', 1, '金融部', 'JRB', '3fhxjg94aa1d49c7aadk53e2ref1r400', 0, '东软金融部门', 1);
/*====== 项目里程碑 ===============*/
INSERT INTO DICT_CATALOG (CATALOG_ID, ENTRY_TYPE, ENTRY_NAME, ENTRY_SHUTNAME, ENTRY_SIRE, ENTRY_ORDER,ENTRY_DESC, ENABLED) 
				VALUES ('3fhxjg94aa1d49c7aadk53e2ref1r434', 0, '里程碑', 'milestone', '3fhxjg94aa1d49c7aadk53e2ref1r434', 0, '项目里程碑列表', 1);
INSERT INTO DICT_CATALOG (CATALOG_ID, ENTRY_TYPE, ENTRY_NAME, ENTRY_SHUTNAME, ENTRY_SIRE, ENTRY_ORDER,ENTRY_DESC, ENABLED) 
				VALUES ('c07f6e9a3bba404589e4729b57b3c8a2', 1, '设计阶段', 'SJJD', '3fhxjg94aa1d49c7aadk53e2ref1r434', 2, '描述', 1);
INSERT INTO DICT_CATALOG (CATALOG_ID, ENTRY_TYPE, ENTRY_NAME, ENTRY_SHUTNAME, ENTRY_SIRE, ENTRY_ORDER,ENTRY_DESC, ENABLED) 
				VALUES ('aa623cea4c18421f8d811f912709335a', 1, '客户初验', 'KHTY', '3fhxjg94aa1d49c7aadk53e2ref1r434', 7, '描述', 1);
INSERT INTO DICT_CATALOG (CATALOG_ID, ENTRY_TYPE, ENTRY_NAME, ENTRY_SHUTNAME, ENTRY_SIRE, ENTRY_ORDER,ENTRY_DESC, ENABLED) 
				VALUES ('357c5d99c77e43bb9d87526c7d060ad8', 1, '软件实施', 'RJSS', '3fhxjg94aa1d49c7aadk53e2ref1r434', 5, '描述', 1);
INSERT INTO DICT_CATALOG (CATALOG_ID, ENTRY_TYPE, ENTRY_NAME, ENTRY_SHUTNAME, ENTRY_SIRE, ENTRY_ORDER,ENTRY_DESC, ENABLED) 
				VALUES ('ccac02c23bda4121a58a142bf1b49ae1', 1, '测试阶段', 'CSJD', '3fhxjg94aa1d49c7aadk53e2ref1r434', 4, '描述', 1);
INSERT INTO DICT_CATALOG (CATALOG_ID, ENTRY_TYPE, ENTRY_NAME, ENTRY_SHUTNAME, ENTRY_SIRE, ENTRY_ORDER,ENTRY_DESC, ENABLED) 
				VALUES ('becc32eb3f5b4c3ab28db1b2242fb58d', 1, '维护期', 'WHQ', '3fhxjg94aa1d49c7aadk53e2ref1r434', 9, '描述', 1);
INSERT INTO DICT_CATALOG (CATALOG_ID, ENTRY_TYPE, ENTRY_NAME, ENTRY_SHUTNAME, ENTRY_SIRE, ENTRY_ORDER,ENTRY_DESC, ENABLED) 
				VALUES ('58e227b9759c4849a4fc9ec868c5fdfb', 1, '编码阶段', 'BMJD', '3fhxjg94aa1d49c7aadk53e2ref1r434', 3, '描述', 1);
INSERT INTO DICT_CATALOG (CATALOG_ID, ENTRY_TYPE, ENTRY_NAME, ENTRY_SHUTNAME, ENTRY_SIRE, ENTRY_ORDER,ENTRY_DESC, ENABLED) 
				VALUES ('f605cd45a2dc4f07a631ddeb66549377', 1, '试运行', 'SYX', '3fhxjg94aa1d49c7aadk53e2ref1r434', 6, '描述', 1);
INSERT INTO DICT_CATALOG (CATALOG_ID, ENTRY_TYPE, ENTRY_NAME, ENTRY_SHUTNAME, ENTRY_SIRE, ENTRY_ORDER,ENTRY_DESC, ENABLED) 
				VALUES ('5b676f3d998548b3a07b44f362e1baf0', 1, '需求阶段', 'XQJD', '3fhxjg94aa1d49c7aadk53e2ref1r434', 1, '描述', 1);
INSERT INTO DICT_CATALOG (CATALOG_ID, ENTRY_TYPE, ENTRY_NAME, ENTRY_SHUTNAME, ENTRY_SIRE, ENTRY_ORDER,ENTRY_DESC, ENABLED) 
				VALUES ('38b327ec83d54621ae0b750ca1fcba43', 1, '客户终验', 'KHZY', '3fhxjg94aa1d49c7aadk53e2ref1r434', 8, '描述', 1);
/*====== 项目周报问题状态 ===============*/
INSERT INTO DICT_CATALOG (CATALOG_ID, ENTRY_TYPE, ENTRY_NAME, ENTRY_SHUTNAME, ENTRY_SIRE, ENTRY_ORDER,ENTRY_DESC, ENABLED) 
				VALUES ('3fhxjg94aa1d49c7aadk53e2ref1r435', 0, '问题状态', 'problemstates', '3fhxjg94aa1d49c7aadk53e2ref1r435', 0, '项目问题描述', 1);
INSERT INTO DICT_CATALOG (CATALOG_ID, ENTRY_TYPE, ENTRY_NAME, ENTRY_SHUTNAME, ENTRY_SIRE, ENTRY_ORDER,ENTRY_DESC, ENABLED) 
				VALUES ('3b610935a9a54197a20a4e9d881e669e', 1, 'Close', 'Close', '3fhxjg94aa1d49c7aadk53e2ref1r435', 1, 'Close', 1);
INSERT INTO DICT_CATALOG (CATALOG_ID, ENTRY_TYPE, ENTRY_NAME, ENTRY_SHUTNAME, ENTRY_SIRE, ENTRY_ORDER,ENTRY_DESC, ENABLED) 
				VALUES ('59611838f91e4b31a0633ad2412667fa', 1, 'Delete', 'Delete', '3fhxjg94aa1d49c7aadk53e2ref1r435', 2, 'Delete', 1);
INSERT INTO DICT_CATALOG (CATALOG_ID, ENTRY_TYPE, ENTRY_NAME, ENTRY_SHUTNAME, ENTRY_SIRE, ENTRY_ORDER,ENTRY_DESC, ENABLED) 
				VALUES ('2348997cc7c1438ba317bf2d7da1288b', 1, 'Open', 'Open', '3fhxjg94aa1d49c7aadk53e2ref1r435', 0, 'Open', 1);
/*====== 里程碑状态===============*/
INSERT INTO DICT_CATALOG (CATALOG_ID, ENTRY_TYPE, ENTRY_NAME, ENTRY_SHUTNAME, ENTRY_SIRE, ENTRY_ORDER,ENTRY_DESC, ENABLED) 
				VALUES ('3fhxjhxjaa1d49c7aadk53e2ref1r434', 0, '里程碑状态', 'miltonStatus', '3fhxjhxjaa1d49c7aadk53e2ref1r434', 0, '项目里程碑状态', 1);
INSERT INTO DICT_CATALOG (CATALOG_ID, ENTRY_TYPE, ENTRY_NAME, ENTRY_SHUTNAME, ENTRY_SIRE, ENTRY_ORDER,ENTRY_DESC, ENABLED) 
				VALUES ('1026ce804473430eba0ea86a29500223', 1, '暂停', 'ZT', '3fhxjhxjaa1d49c7aadk53e2ref1r434', 4, '描述', 1);
INSERT INTO DICT_CATALOG (CATALOG_ID, ENTRY_TYPE, ENTRY_NAME, ENTRY_SHUTNAME, ENTRY_SIRE, ENTRY_ORDER,ENTRY_DESC, ENABLED) 
				VALUES ('87d0578af6b648848a7aa9fcb9629924', 1, '延误', 'YW', '3fhxjhxjaa1d49c7aadk53e2ref1r434', 3, '描述', 1);
INSERT INTO DICT_CATALOG (CATALOG_ID, ENTRY_TYPE, ENTRY_NAME, ENTRY_SHUTNAME, ENTRY_SIRE, ENTRY_ORDER,ENTRY_DESC, ENABLED) 
				VALUES ('6ccf6718874347129d7ae41eece75724', 1, '达成', 'DC', '3fhxjhxjaa1d49c7aadk53e2ref1r434', 2, '描述', 1);
INSERT INTO DICT_CATALOG (CATALOG_ID, ENTRY_TYPE, ENTRY_NAME, ENTRY_SHUTNAME, ENTRY_SIRE, ENTRY_ORDER,ENTRY_DESC, ENABLED) 
				VALUES ('00bfc1406b2e4f45a7b63a81fc4ec3e5', 1, '正常', 'ZC', '3fhxjhxjaa1d49c7aadk53e2ref1r434', 1, '描述', 1);
INSERT INTO DICT_CATALOG (CATALOG_ID, ENTRY_TYPE, ENTRY_NAME, ENTRY_SHUTNAME, ENTRY_SIRE, ENTRY_ORDER,ENTRY_DESC, ENABLED) 
				VALUES ('a63943b9287a4b26a0e5aaa4559534d4', 1, '终止', 'ZZ', '3fhxjhxjaa1d49c7aadk53e2ref1r434', 5, '描述', 1);
/*====== 角色分类 ===============*/
INSERT INTO DICT_CATALOG (CATALOG_ID, ENTRY_TYPE, ENTRY_NAME, ENTRY_SHUTNAME, ENTRY_SIRE, ENTRY_ORDER,ENTRY_DESC, ENABLED) 
				VALUES ('3fhxjhxjhxjd49c7aadk53e2ref1r434', 0, '角色分类', 'roleType', '3fhxjhxjhxjd49c7aadk53e2ref1r434', 0, '项目成员角色', 1);
INSERT INTO DICT_CATALOG (CATALOG_ID, ENTRY_TYPE, ENTRY_NAME, ENTRY_SHUTNAME, ENTRY_SIRE, ENTRY_ORDER,ENTRY_DESC, ENABLED) 
				VALUES ('9e635bb0864f4833aa06f0f1336cad34', 1, '项目经理', 'PM', '3fhxjhxjhxjd49c7aadk53e2ref1r434', 2, '项目经理', 1);
INSERT INTO DICT_CATALOG (CATALOG_ID, ENTRY_TYPE, ENTRY_NAME, ENTRY_SHUTNAME, ENTRY_SIRE, ENTRY_ORDER,ENTRY_DESC, ENABLED) 
				VALUES ('c401a1050fe64b29ba60997e2a576d52', 1, '项目组长', 'TM', '3fhxjhxjhxjd49c7aadk53e2ref1r434', 1, '项目组长', 1);
INSERT INTO DICT_CATALOG (CATALOG_ID, ENTRY_TYPE, ENTRY_NAME, ENTRY_SHUTNAME, ENTRY_SIRE, ENTRY_ORDER,ENTRY_DESC, ENABLED) 
				VALUES ('1b4e7eb4a53349c09d5777fcfabae7ca', 1, '部长', 'BM', '3fhxjhxjhxjd49c7aadk53e2ref1r434', 6, '部长', 1);
INSERT INTO DICT_CATALOG (CATALOG_ID, ENTRY_TYPE, ENTRY_NAME, ENTRY_SHUTNAME, ENTRY_SIRE, ENTRY_ORDER,ENTRY_DESC, ENABLED) 
				VALUES ('67739c8463754234afdfba0f5ed3e4aa', 1, '系统管理员', 'SYSTEM', '3fhxjhxjhxjd49c7aadk53e2ref1r434', 8, '系统管理员角色', 1);
INSERT INTO DICT_CATALOG (CATALOG_ID, ENTRY_TYPE, ENTRY_NAME, ENTRY_SHUTNAME, ENTRY_SIRE, ENTRY_ORDER,ENTRY_DESC, ENABLED) 
				VALUES ('29c6ba74a0354a4aae0fc6e14d9d6961', 1, '中心主任', 'AM', '3fhxjhxjhxjd49c7aadk53e2ref1r434', 7, '中心主任', 1);
INSERT INTO DICT_CATALOG (CATALOG_ID, ENTRY_TYPE, ENTRY_NAME, ENTRY_SHUTNAME, ENTRY_SIRE, ENTRY_ORDER,ENTRY_DESC, ENABLED) 
				VALUES ('517a4e05b5d44b5096e9b3bd04bec654', 1, '员工', 'EM', '3fhxjhxjhxjd49c7aadk53e2ref1r434', 0, '员工定义', 1);
INSERT INTO DICT_CATALOG (CATALOG_ID, ENTRY_TYPE, ENTRY_NAME, ENTRY_SHUTNAME, ENTRY_SIRE, ENTRY_ORDER,ENTRY_DESC, ENABLED) 
				VALUES ('4d135ae673cb48bfa52549db2c500953', 1, '副部长', 'BMR', '3fhxjhxjhxjd49c7aadk53e2ref1r434', 5, '附部长', 1);
INSERT INTO DICT_CATALOG (CATALOG_ID, ENTRY_TYPE, ENTRY_NAME, ENTRY_SHUTNAME, ENTRY_SIRE, ENTRY_ORDER,ENTRY_DESC, ENABLED) 
				VALUES ('70eed5ac1d7048d68f3648df7640b6a1', 1, 'QA', 'QA', '3fhxjhxjhxjd49c7aadk53e2ref1r434', 4, 'QA', 1);
/*====== 项目执行效率 ===============*/
INSERT INTO DICT_CATALOG (CATALOG_ID, ENTRY_TYPE, ENTRY_NAME, ENTRY_SHUTNAME, ENTRY_SIRE, ENTRY_ORDER,ENTRY_DESC, ENABLED) 
				VALUES ('99990000000000000000000000000000', 0, '项目执行效率', 'efficiencyExecute', '99990000000000000000000000000000', 0, '项目周报填写字段之一', 1);
INSERT INTO DICT_CATALOG (CATALOG_ID, ENTRY_TYPE, ENTRY_NAME, ENTRY_SHUTNAME, ENTRY_SIRE, ENTRY_ORDER,ENTRY_DESC, ENABLED) 
				VALUES ('99990000000000000000000000000001', 1, '高', 'hight', '99990000000000000000000000000000', 0, '项目执行效率之一', 1);
INSERT INTO DICT_CATALOG (CATALOG_ID, ENTRY_TYPE, ENTRY_NAME, ENTRY_SHUTNAME, ENTRY_SIRE, ENTRY_ORDER,ENTRY_DESC, ENABLED) 
				VALUES ('99990000000000000000000000000002', 1, '中', 'normal', '99990000000000000000000000000000', 0, '项目执行效率之一', 1);
INSERT INTO DICT_CATALOG (CATALOG_ID, ENTRY_TYPE, ENTRY_NAME, ENTRY_SHUTNAME, ENTRY_SIRE, ENTRY_ORDER,ENTRY_DESC, ENABLED) 
				VALUES ('99990000000000000000000000000003', 1, '低', 'lower', '99990000000000000000000000000000', 0, '项目执行效率之一', 1);
/*====== 项目人力资源 ===============*/
INSERT INTO DICT_CATALOG (CATALOG_ID, ENTRY_TYPE, ENTRY_NAME, ENTRY_SHUTNAME, ENTRY_SIRE, ENTRY_ORDER,ENTRY_DESC, ENABLED) 
				VALUES ('99980000000000000000000000000000', 0, '项目人力资源', 'humanResource', '99980000000000000000000000000000', 0, '项目周报填写字段之一', 1);
INSERT INTO DICT_CATALOG (CATALOG_ID, ENTRY_TYPE, ENTRY_NAME, ENTRY_SHUTNAME, ENTRY_SIRE, ENTRY_ORDER,ENTRY_DESC, ENABLED) 
				VALUES ('99980000000000000000000000000001', 1, '正常', 'normal', '99980000000000000000000000000000', 0, '项目人力资源之一', 1);
INSERT INTO DICT_CATALOG (CATALOG_ID, ENTRY_TYPE, ENTRY_NAME, ENTRY_SHUTNAME, ENTRY_SIRE, ENTRY_ORDER,ENTRY_DESC, ENABLED) 
				VALUES ('99980000000000000000000000000002', 1, '冗余', 'mores', '99980000000000000000000000000000', 0, '项目人力资源之一', 1);
INSERT INTO DICT_CATALOG (CATALOG_ID, ENTRY_TYPE, ENTRY_NAME, ENTRY_SHUTNAME, ENTRY_SIRE, ENTRY_ORDER,ENTRY_DESC, ENABLED) 
				VALUES ('99980000000000000000000000000003', 1, '缺乏', 'litter', '99980000000000000000000000000000', 0, '项目人力资源之一', 1);
/*====== 项目需求变更 ===============*/
INSERT INTO DICT_CATALOG (CATALOG_ID, ENTRY_TYPE, ENTRY_NAME, ENTRY_SHUTNAME, ENTRY_SIRE, ENTRY_ORDER,ENTRY_DESC, ENABLED) 
				VALUES ('99970000000000000000000000000000', 0, '项目需求变更', 'requirementAlter', '99970000000000000000000000000000', 0, '项目周报填写字段之一', 1);
INSERT INTO DICT_CATALOG (CATALOG_ID, ENTRY_TYPE, ENTRY_NAME, ENTRY_SHUTNAME, ENTRY_SIRE, ENTRY_ORDER,ENTRY_DESC, ENABLED) 
				VALUES ('99970000000000000000000000000001', 1, '一般', 'normal', '99970000000000000000000000000000', 1, '项目需求变更之一', 1);
INSERT INTO DICT_CATALOG (CATALOG_ID, ENTRY_TYPE, ENTRY_NAME, ENTRY_SHUTNAME, ENTRY_SIRE, ENTRY_ORDER,ENTRY_DESC, ENABLED) 
				VALUES ('99970000000000000000000000000002', 1, '频繁', 'mores', '99970000000000000000000000000000', 2, '项目需求变更之一', 1);
INSERT INTO DICT_CATALOG (CATALOG_ID, ENTRY_TYPE, ENTRY_NAME, ENTRY_SHUTNAME, ENTRY_SIRE, ENTRY_ORDER,ENTRY_DESC, ENABLED) 
				VALUES ('99970000000000000000000000000003', 1, '缺少', 'litter', '99970000000000000000000000000000', 3, '项目需求变更之一', 1);
/*====== 客户相关方关系 ===============*/
INSERT INTO DICT_CATALOG (CATALOG_ID, ENTRY_TYPE, ENTRY_NAME, ENTRY_SHUTNAME, ENTRY_SIRE, ENTRY_ORDER,ENTRY_DESC, ENABLED) 
				VALUES ('99960000000000000000000000000000', 0, '客户相关方关系', 'clientRelation', '99960000000000000000000000000000', 0, '项目周报填写字段之一', 1);
INSERT INTO DICT_CATALOG (CATALOG_ID, ENTRY_TYPE, ENTRY_NAME, ENTRY_SHUTNAME, ENTRY_SIRE, ENTRY_ORDER,ENTRY_DESC, ENABLED) 
				VALUES ('99960000000000000000000000000001', 1, '一般', 'normal', '99960000000000000000000000000000', 1, '项目需求变更之一', 1);
INSERT INTO DICT_CATALOG (CATALOG_ID, ENTRY_TYPE, ENTRY_NAME, ENTRY_SHUTNAME, ENTRY_SIRE, ENTRY_ORDER,ENTRY_DESC, ENABLED) 
				VALUES ('99960000000000000000000000000002', 1, '较好', 'mores', '99960000000000000000000000000000', 2, '项目需求变更之一', 1);
INSERT INTO DICT_CATALOG (CATALOG_ID, ENTRY_TYPE, ENTRY_NAME, ENTRY_SHUTNAME, ENTRY_SIRE, ENTRY_ORDER,ENTRY_DESC, ENABLED) 
				VALUES ('99960000000000000000000000000003', 1, '很差', 'litter', '99960000000000000000000000000000', 3, '项目需求变更之一', 1);

/*====== 假期分类 ===============*/
INSERT INTO DICT_CATALOG (CATALOG_ID, ENTRY_TYPE, ENTRY_NAME, ENTRY_SHUTNAME, ENTRY_SIRE, ENTRY_ORDER,ENTRY_DESC, ENABLED) 
				VALUES ('45670000000000000000000000000000', 0, '假期种类', 'begoffType', '45670000000000000000000000000000', 0, '请假种类', 1);
INSERT INTO DICT_CATALOG (CATALOG_ID, ENTRY_TYPE, ENTRY_NAME, ENTRY_SHUTNAME, ENTRY_SIRE, ENTRY_ORDER,ENTRY_DESC, ENABLED) 
				VALUES ('45670000000000000000000000000001', 1, '病假', 'bingjia', '45670000000000000000000000000000', 1, '病假', 1);
INSERT INTO DICT_CATALOG (CATALOG_ID, ENTRY_TYPE, ENTRY_NAME, ENTRY_SHUTNAME, ENTRY_SIRE, ENTRY_ORDER,ENTRY_DESC, ENABLED) 
				VALUES ('45670000000000000000000000000002', 1, '事假', 'shijia', '45670000000000000000000000000000', 2, '事假', 1);
INSERT INTO DICT_CATALOG (CATALOG_ID, ENTRY_TYPE, ENTRY_NAME, ENTRY_SHUTNAME, ENTRY_SIRE, ENTRY_ORDER,ENTRY_DESC, ENABLED) 
				VALUES ('45670000000000000000000000000003', 1, '婚假', 'hunjia', '45670000000000000000000000000000', 3, '婚假', 1);
INSERT INTO DICT_CATALOG (CATALOG_ID, ENTRY_TYPE, ENTRY_NAME, ENTRY_SHUTNAME, ENTRY_SIRE, ENTRY_ORDER,ENTRY_DESC, ENABLED) 
				VALUES ('45670000000000000000000000000004', 1, '丧假', 'sangjia', '45670000000000000000000000000000', 4, '丧假', 1);
INSERT INTO DICT_CATALOG (CATALOG_ID, ENTRY_TYPE, ENTRY_NAME, ENTRY_SHUTNAME, ENTRY_SIRE, ENTRY_ORDER,ENTRY_DESC, ENABLED) 
				VALUES ('45670000000000000000000000000005', 1, '产假', 'chanjia', '45670000000000000000000000000000', 5, '产假', 1);
INSERT INTO DICT_CATALOG (CATALOG_ID, ENTRY_TYPE, ENTRY_NAME, ENTRY_SHUTNAME, ENTRY_SIRE, ENTRY_ORDER,ENTRY_DESC, ENABLED) 
				VALUES ('45670000000000000000000000000011', 1, '调休', 'tiaoxiu', '45670000000000000000000000000000', 0, '调休', 1);		
INSERT INTO DICT_CATALOG (CATALOG_ID, ENTRY_TYPE, ENTRY_NAME, ENTRY_SHUTNAME, ENTRY_SIRE, ENTRY_ORDER,ENTRY_DESC, ENABLED) 
				VALUES ('45670000000000000000000000000006', 1, '年假', 'nianjia', '45670000000000000000000000000000', 0, '年假', 1);		
INSERT INTO DICT_CATALOG (CATALOG_ID, ENTRY_TYPE, ENTRY_NAME, ENTRY_SHUTNAME, ENTRY_SIRE, ENTRY_ORDER,ENTRY_DESC, ENABLED) 
				VALUES ('45670000000000000000000000000007', 1, '探亲假', 'tqjia', '45670000000000000000000000000000', 7, '探亲假', 1);		
INSERT INTO DICT_CATALOG (CATALOG_ID, ENTRY_TYPE, ENTRY_NAME, ENTRY_SHUTNAME, ENTRY_SIRE, ENTRY_ORDER,ENTRY_DESC, ENABLED) 
				VALUES ('45670000000000000000000000000010', 1, '培训', 'peixun', '45670000000000000000000000000000', 7, '培训', 1);		

/*====== 权限初始化数据 ===============*/
INSERT INTO AUTHORITY_INFO (AUTHOR_ID, AUTHOR_SIGN, ENABLED, AUTHOR_NAME, AUTHOR_DESC) 
				VALUES ('44f44d1ff4e946a18b13daf018bca0d1', 'ADMIN', 1, '项目维护', '描项目新增修改等等信息维护操作');
INSERT INTO AUTHORITY_INFO (AUTHOR_ID, AUTHOR_SIGN, ENABLED, AUTHOR_NAME, AUTHOR_DESC) 
				VALUES ('4c1bfb78506849e8a3c8d94f97453f24', 'FILEWR', 1, '周报填写', '个人周报填写周报');
INSERT INTO AUTHORITY_INFO (AUTHOR_ID, AUTHOR_SIGN, ENABLED, AUTHOR_NAME, AUTHOR_DESC) 
				VALUES ('54f9a6a5fe284498baf8458156604a77', 'eWeekReport', 1, '周报管理', '个人周报填写、修改、查看等操作');
INSERT INTO AUTHORITY_INFO (AUTHOR_ID, AUTHOR_SIGN, ENABLED, AUTHOR_NAME, AUTHOR_DESC) 
				VALUES ('5740a3e1e93742f9b3947dc0180d5f5d', 'ROLEMGR', 1, '角色管理', '角色的增、删、修改 以及授权操作');
INSERT INTO AUTHORITY_INFO (AUTHOR_ID, AUTHOR_SIGN, ENABLED, AUTHOR_NAME, AUTHOR_DESC) 
				VALUES ('76424f8c8de745908e9a842b69dd0a72', 'source', 1, '资源管理', '资源管理');
INSERT INTO AUTHORITY_INFO (AUTHOR_ID, AUTHOR_SIGN, ENABLED, AUTHOR_NAME, AUTHOR_DESC) 
				VALUES ('7db5671a76a64a6fa227238fbbf56e48', 'AuthorMgs', 1, '权限管理', '权限管理');
INSERT INTO AUTHORITY_INFO (AUTHOR_ID, AUTHOR_SIGN, ENABLED, AUTHOR_NAME, AUTHOR_DESC) 
				VALUES ('a4bf013321b9466289bf30b2dc043463', 'UserMgr', 1, '员工维护', '对员工的 新增、修改以及入场 出场判断');
INSERT INTO AUTHORITY_INFO (AUTHOR_ID, AUTHOR_SIGN, ENABLED, AUTHOR_NAME, AUTHOR_DESC) 
				VALUES ('c9e96a41913244dcb439df295dfa00e4', 'edaily', 1, '日报管理', '日报填写、日报查看、个人日报表导出等操作');
INSERT INTO AUTHORITY_INFO (AUTHOR_ID, AUTHOR_SIGN, ENABLED, AUTHOR_NAME, AUTHOR_DESC) 
				VALUES ('cb142383302145ebbeba211f578fec71', 'DEPT', 1, '部门维护', '修改组织结果树');
INSERT INTO AUTHORITY_INFO (AUTHOR_ID, AUTHOR_SIGN, ENABLED, AUTHOR_NAME, AUTHOR_DESC) 
				VALUES ('d367099fbc40457391ffc1ef2083a3ab', 'AUTHORACT', 1, '人员授权', '访问人员授权页面资源权限');
INSERT INTO AUTHORITY_INFO (AUTHOR_ID, AUTHOR_SIGN, ENABLED, AUTHOR_NAME, AUTHOR_DESC) 
				VALUES ('ea4c7d514f064f26afe202b79934208d', 'reportcreate', 1, '报表生成', '报表管理。导出各种制定的报表');
INSERT INTO AUTHORITY_INFO (AUTHOR_ID, AUTHOR_SIGN, ENABLED, AUTHOR_NAME, AUTHOR_DESC) 
				VALUES ('f1b145ff615c4226b16be80a92b04d11', 'manager', 1, '后台管理', '后台管理');
/*============ 资源数据 ================*/
INSERT INTO SCOURCE_INFO (SRC_ID, AUTHOR_ID, SRC_NAME, SRC_SORT, SRC_TYPE, SRC_URL, SRC_DESC, SRC_ORDER, ENABLED, STYLECSS) 
				VALUES ('0741e16a8bf7469084aab2b2509c6484', NULL, '系统管理', '0741e16a8bf7469084aab2b2509c6484', 0, '', '', 1, 1, 'menu_system');
INSERT INTO SCOURCE_INFO (SRC_ID, AUTHOR_ID, SRC_NAME, SRC_SORT, SRC_TYPE, SRC_URL, SRC_DESC, SRC_ORDER, ENABLED, STYLECSS) 
				VALUES ('0741e16a8bf7469084aab2b2509c6485', NULL, '人员管理', '0741e16a8bf7469084aab2b2509c6485', 0, '', '', 0, 1, 'menu_user');
INSERT INTO SCOURCE_INFO (SRC_ID, AUTHOR_ID, SRC_NAME, SRC_SORT, SRC_TYPE, SRC_URL, SRC_DESC, SRC_ORDER, ENABLED, STYLECSS) 
				VALUES ('188748fcbbc548089b4b5242a603a1b5', NULL, '项目管理', '188748fcbbc548089b4b5242a603a1b5', 0, '', '', 0, 1, 'menu_project');
INSERT INTO SCOURCE_INFO (SRC_ID, AUTHOR_ID, SRC_NAME, SRC_SORT, SRC_TYPE, SRC_URL, SRC_DESC, SRC_ORDER, ENABLED, STYLECSS) 
				VALUES ('81f5045f299c4a60803adfe78e1e8879', NULL, '考勤管理', '81f5045f299c4a60803adfe78e1e8879', 0, '', '', 0, 1, 'menu_system');
INSERT INTO SCOURCE_INFO (SRC_ID, AUTHOR_ID, SRC_NAME, SRC_SORT, SRC_TYPE, SRC_URL, SRC_DESC, SRC_ORDER, ENABLED, STYLECSS) 
				VALUES ('8d2f96d1ff7f4002857421858e0e7cd6', NULL, '报表导出', '8d2f96d1ff7f4002857421858e0e7cd6', 0, '', '', 0, 1, 'menu_baobiao');
INSERT INTO SCOURCE_INFO (SRC_ID, AUTHOR_ID, SRC_NAME, SRC_SORT, SRC_TYPE, SRC_URL, SRC_DESC, SRC_ORDER, ENABLED, STYLECSS) 
				VALUES ('188748fcbbc548089b4b5242a603a2a1', 'ea4c7d514f064f26afe202b79934208d', '人员-月份工作量统计报表', '8d2f96d1ff7f4002857421858e0e7cd6', 1, 'staffMonth/view.ftl', '', 3, 1, 'menu_submenu');
INSERT INTO SCOURCE_INFO (SRC_ID, AUTHOR_ID, SRC_NAME, SRC_SORT, SRC_TYPE, SRC_URL, SRC_DESC, SRC_ORDER, ENABLED, STYLECSS) 
				VALUES ('188748fcbbc548089b4b5242a603a2a3', 'ea4c7d514f064f26afe202b79934208d', '项目-人员工作量统计报表', '8d2f96d1ff7f4002857421858e0e7cd6', 1, 'projectStaff/view.ftl', '', 1, 1, 'menu_submenu');
INSERT INTO SCOURCE_INFO (SRC_ID, AUTHOR_ID, SRC_NAME, SRC_SORT, SRC_TYPE, SRC_URL, SRC_DESC, SRC_ORDER, ENABLED, STYLECSS) 
				VALUES ('21d4a897ac5d4acfb49bd5119f83a0f3', 'ea4c7d514f064f26afe202b79934208d', '项目-月份工作量统计报表', '8d2f96d1ff7f4002857421858e0e7cd6', 1, 'projMonth/view.ftl', '项目-月份工作量统计表', 2, 1, 'menu_submenu');
INSERT INTO SCOURCE_INFO (SRC_ID, AUTHOR_ID, SRC_NAME, SRC_SORT, SRC_TYPE, SRC_URL, SRC_DESC, SRC_ORDER, ENABLED, STYLECSS) 
				VALUES ('4fa2926f6e904be69547fd5f7e6f7033', 'f1b145ff615c4226b16be80a92b04d11', '部门管理', '0741e16a8bf7469084aab2b2509c6484', 1, 'dept/view.ftl', '维护当前部门组织结构', 5, 1, 'menu_submenu');
INSERT INTO SCOURCE_INFO (SRC_ID, AUTHOR_ID, SRC_NAME, SRC_SORT, SRC_TYPE, SRC_URL, SRC_DESC, SRC_ORDER, ENABLED, STYLECSS) 
				VALUES ('527ec41d1dc54a699833cd32f80e7546', '44f44d1ff4e946a18b13daf018bca0d1', '项目周报修改(T)', '188748fcbbc548089b4b5242a603a1b5', 1, 'pwreport/edit.ftl?type=prowred', '周报修改(测试团队使用)', 2, 1, 'menu_submenu');
INSERT INTO SCOURCE_INFO (SRC_ID, AUTHOR_ID, SRC_NAME, SRC_SORT, SRC_TYPE, SRC_URL, SRC_DESC, SRC_ORDER, ENABLED, STYLECSS) 
				VALUES ('5522ef2f91334d219c8d622d48c0bdab', '44f44d1ff4e946a18b13daf018bca0d1', '个人周报填写', '188748fcbbc548089b4b5242a603a1b5', 1, 'eWeekReports/view.ftl', '个人周报填写、修改', 8, 1, 'menu_submenu');
INSERT INTO SCOURCE_INFO (SRC_ID, AUTHOR_ID, SRC_NAME, SRC_SORT, SRC_TYPE, SRC_URL, SRC_DESC, SRC_ORDER, ENABLED, STYLECSS) 
				VALUES ('6074ff1e99004ac488ec404c7f813f80', '44f44d1ff4e946a18b13daf018bca0d1', '项目信息维护', '188748fcbbc548089b4b5242a603a1b5', 1, 'project/view.ftl', '添加、修改项目信息，具有数据权限', 0, 1, 'menu_submenu');
INSERT INTO SCOURCE_INFO (SRC_ID, AUTHOR_ID, SRC_NAME, SRC_SORT, SRC_TYPE, SRC_URL, SRC_DESC, SRC_ORDER, ENABLED, STYLECSS) 
				VALUES ('6811a983ca2d490bbe68fcf03510749e', 'f1b145ff615c4226b16be80a92b04d11', '资源管理', '0741e16a8bf7469084aab2b2509c6484', 1, 'source/view.ftl', '目前系统可访问的url地址管理，映射为菜单项', 1, 1, 'menu_submenu');
INSERT INTO SCOURCE_INFO (SRC_ID, AUTHOR_ID, SRC_NAME, SRC_SORT, SRC_TYPE, SRC_URL, SRC_DESC, SRC_ORDER, ENABLED, STYLECSS) 
				VALUES ('6d880d14d78349ccbf14dd67180627ea', 'f1b145ff615c4226b16be80a92b04d11', '权限管理', '0741e16a8bf7469084aab2b2509c6484', 1, 'author/view.ftl', '系统访问URL的权限定义，最小到URL的控制', 2, 1, 'menu_submenu');
INSERT INTO SCOURCE_INFO (SRC_ID, AUTHOR_ID, SRC_NAME, SRC_SORT, SRC_TYPE, SRC_URL, SRC_DESC, SRC_ORDER, ENABLED, STYLECSS) 
				VALUES ('79f6123259da45cd948ac0b9b55bb03b', '44f44d1ff4e946a18b13daf018bca0d1', '个人周报查看', '188748fcbbc548089b4b5242a603a1b5', 1, 'viewWeekReports/view.ftl', '员工个人查看个人工作周报', 9, 1, 'menu_submenu');
INSERT INTO SCOURCE_INFO (SRC_ID, AUTHOR_ID, SRC_NAME, SRC_SORT, SRC_TYPE, SRC_URL, SRC_DESC, SRC_ORDER, ENABLED, STYLECSS) 
				VALUES ('7c0f0856aa194ef1a9826283e57bf778', '44f44d1ff4e946a18b13daf018bca0d1', '项目周报修改(开发中)', '188748fcbbc548089b4b5242a603a1b5', 1, 'pwreport/edit.ftl?type=prowkred', '项目周报修改（开发团队使用）', 5, 1, 'menu_submenu');
INSERT INTO SCOURCE_INFO (SRC_ID, AUTHOR_ID, SRC_NAME, SRC_SORT, SRC_TYPE, SRC_URL, SRC_DESC, SRC_ORDER, ENABLED, STYLECSS) 
				VALUES ('92d35badc2784a4e958189e53045babe', '7db5671a76a64a6fa227238fbbf56e48', '基本信息维护', '0741e16a8bf7469084aab2b2509c6485', 1, 'user/view.ftl', '人员基本信息维护，用户生成通讯录', 0, 1, 'menu_submenu');
INSERT INTO SCOURCE_INFO (SRC_ID, AUTHOR_ID, SRC_NAME, SRC_SORT, SRC_TYPE, SRC_URL, SRC_DESC, SRC_ORDER, ENABLED, STYLECSS) 
				VALUES ('9915a41cb05b401c95a1356ab882eab9', '44f44d1ff4e946a18b13daf018bca0d1', '假期定制(开发中)', '81f5045f299c4a60803adfe78e1e8879', 1, 'duty/holiday.ftl', '假期管理，假期其间不对考勤进行校验', 2, 1, 'menu_submenu');
INSERT INTO SCOURCE_INFO (SRC_ID, AUTHOR_ID, SRC_NAME, SRC_SORT, SRC_TYPE, SRC_URL, SRC_DESC, SRC_ORDER, ENABLED, STYLECSS) 
				VALUES ('a2df6b5771d44851b1a4b5afdc361e20', '44f44d1ff4e946a18b13daf018bca0d1', '个人日报填写', '188748fcbbc548089b4b5242a603a1b5', 1, 'edaily/view.ftl', '填写、修改个人日报', 6, 1, 'menu_submenu');
INSERT INTO SCOURCE_INFO (SRC_ID, AUTHOR_ID, SRC_NAME, SRC_SORT, SRC_TYPE, SRC_URL, SRC_DESC, SRC_ORDER, ENABLED, STYLECSS) 
				VALUES ('b4144cb1410b4fc9b722cc2d030bf0d0', 'd367099fbc40457391ffc1ef2083a3ab', '人员授权管理', '0741e16a8bf7469084aab2b2509c6485', 1, 'user/urmgr.ftl', '指定人员授权操作', 1, 1, 'menu_submenu');
INSERT INTO SCOURCE_INFO (SRC_ID, AUTHOR_ID, SRC_NAME, SRC_SORT, SRC_TYPE, SRC_URL, SRC_DESC, SRC_ORDER, ENABLED, STYLECSS) 
				VALUES ('ba66349b83954342bf5749b4d3e69080', 'f1b145ff615c4226b16be80a92b04d11', '角色管理', '0741e16a8bf7469084aab2b2509c6484', 1, 'role/view.ftl', '管理当前角色信息', 3, 1, 'menu_submenu');
INSERT INTO SCOURCE_INFO (SRC_ID, AUTHOR_ID, SRC_NAME, SRC_SORT, SRC_TYPE, SRC_URL, SRC_DESC, SRC_ORDER, ENABLED, STYLECSS) 
				VALUES ('bb62bd5326144892be07f8f908bf9873', 'ea4c7d514f064f26afe202b79934208d', '通讯录', '8d2f96d1ff7f4002857421858e0e7cd6', 1, 'addrBook/view.ftl', '通讯录报表导出，具有数据集权限', 6, 1, 'menu_submenu');
INSERT INTO SCOURCE_INFO (SRC_ID, AUTHOR_ID, SRC_NAME, SRC_SORT, SRC_TYPE, SRC_URL, SRC_DESC, SRC_ORDER, ENABLED, STYLECSS) 
				VALUES ('c5987e0e3a6747ad8f3f2daff1a370e6', 'ea4c7d514f064f26afe202b79934208d', '人员基本信息报表', '8d2f96d1ff7f4002857421858e0e7cd6', 1, 'staffInfo/view.ftl', '人员基本信息报表', 4, 1, 'menu_submenu');
INSERT INTO SCOURCE_INFO (SRC_ID, AUTHOR_ID, SRC_NAME, SRC_SORT, SRC_TYPE, SRC_URL, SRC_DESC, SRC_ORDER, ENABLED, STYLECSS) 
				VALUES ('d3e28a9b9a544959b8c867e20d4e1e57', '44f44d1ff4e946a18b13daf018bca0d1', '项目周报查看', '188748fcbbc548089b4b5242a603a1b5', 1, 'pwreport/list.ftl', '项目周报查看列表', 5, 1, 'menu_submenu');
INSERT INTO SCOURCE_INFO (SRC_ID, AUTHOR_ID, SRC_NAME, SRC_SORT, SRC_TYPE, SRC_URL, SRC_DESC, SRC_ORDER, ENABLED, STYLECSS) 
				VALUES ('d734d953bf8a4d71b85729a032ac48ed', 'd367099fbc40457391ffc1ef2083a3ab', '人员进出场管理', '0741e16a8bf7469084aab2b2509c6485', 1, 'user/runing.ftl', '人员进出场管理（具有数据集权限）', 2, 1, 'menu_submenu');
INSERT INTO SCOURCE_INFO (SRC_ID, AUTHOR_ID, SRC_NAME, SRC_SORT, SRC_TYPE, SRC_URL, SRC_DESC, SRC_ORDER, ENABLED, STYLECSS) 
				VALUES ('daa37b30cd1840a892f733c9eb4d3132', '44f44d1ff4e946a18b13daf018bca0d1', '个人日报查看', '188748fcbbc548089b4b5242a603a1b5', 1, 'viewdaily/view.ftl', '查看日报', 7, 1, 'menu_submenu');
INSERT INTO SCOURCE_INFO (SRC_ID, AUTHOR_ID, SRC_NAME, SRC_SORT, SRC_TYPE, SRC_URL, SRC_DESC, SRC_ORDER, ENABLED, STYLECSS) 
				VALUES ('db0877924039450ebbfb217a4c776d61', '44f44d1ff4e946a18b13daf018bca0d1', '规则定制(开发中)', '81f5045f299c4a60803adfe78e1e8879', 1, 'duty/rulemgr.ftl', '考勤规则定制', 0, 1, 'menu_submenu');
INSERT INTO SCOURCE_INFO (SRC_ID, AUTHOR_ID, SRC_NAME, SRC_SORT, SRC_TYPE, SRC_URL, SRC_DESC, SRC_ORDER, ENABLED, STYLECSS) 
				VALUES ('f5057841ceb641dc934137f55bfbec6d', 'f1b145ff615c4226b16be80a92b04d11', '字典管理', '0741e16a8bf7469084aab2b2509c6484', 1, 'dict/view.ftl', '当前系统数据字典管理维护，修改要慎重', 13, 1, 'menu_submenu');
INSERT INTO SCOURCE_INFO (SRC_ID, AUTHOR_ID, SRC_NAME, SRC_SORT, SRC_TYPE, SRC_URL, SRC_DESC, SRC_ORDER, ENABLED, STYLECSS) 
				VALUES ('f66c32795dd541a6bdd7bf81b6cf40a0', '44f44d1ff4e946a18b13daf018bca0d1', '项目周报填写(开发中)', '188748fcbbc548089b4b5242a603a1b5', 1, 'pwreport/filter.ftl?type=projectipt', '项目周报填写(适用开发团队)', 5, 1, 'menu_submenu');
INSERT INTO SCOURCE_INFO (SRC_ID, AUTHOR_ID, SRC_NAME, SRC_SORT, SRC_TYPE, SRC_URL, SRC_DESC, SRC_ORDER, ENABLED, STYLECSS) 
				VALUES ('f66c32795dd541a6bdd7bf81b6cf40ab', '44f44d1ff4e946a18b13daf018bca0d1', '项目周报填写(T)', '188748fcbbc548089b4b5242a603a1b5', 1, 'pwreport/filter.ftl?type=projectwrt', '项目周报填写(适用测试团队)', 2, 1, 'menu_submenu');
-- 考勤管理
INSERT INTO SCOURCE_INFO (SRC_ID, AUTHOR_ID, SRC_NAME, SRC_SORT, SRC_TYPE, SRC_URL, SRC_DESC, SRC_ORDER, ENABLED, STYLECSS) 
				VALUES ('024931fd49a246b8adcb82281ad65cfb', '44f44d1ff4e946a18b13daf018bca0d1', '个人考勤', '81f5045f299c4a60803adfe78e1e8879', 1, 'duty/ckdetail.ftl?type=person', '个人考勤明细查看', 7, 1, 'menu_submenu');
INSERT INTO SCOURCE_INFO (SRC_ID, AUTHOR_ID, SRC_NAME, SRC_SORT, SRC_TYPE, SRC_URL, SRC_DESC, SRC_ORDER, ENABLED, STYLECSS) 
				VALUES ('950845c615c040a0ae401984eed3f1b0', 'f1b145ff615c4226b16be80a92b04d11', '考勤查看', '81f5045f299c4a60803adfe78e1e8879', 1, 'duty/ckdetail.ftl?type=all', '查看考勤明细', 4, 1, 'menu_submenu');
INSERT INTO SCOURCE_INFO (SRC_ID, AUTHOR_ID, SRC_NAME, SRC_SORT, SRC_TYPE, SRC_URL, SRC_DESC, SRC_ORDER, ENABLED, STYLECSS) 
				VALUES ('9915a41cb05b401c95a1356ab882e666', 'f1b145ff615c4226b16be80a92b04d11', '假日规则', '81f5045f299c4a60803adfe78e1e8879', 1, 'duty/holiday.ftl', '假期管理，假期其间不对考勤进行校验', 2, 1, 'menu_submenu');
INSERT INTO SCOURCE_INFO (SRC_ID, AUTHOR_ID, SRC_NAME, SRC_SORT, SRC_TYPE, SRC_URL, SRC_DESC, SRC_ORDER, ENABLED, STYLECSS) 
				VALUES ('db0877924039450ebbfb217a4c776987', 'f1b145ff615c4226b16be80a92b04d11', '考勤规则', '81f5045f299c4a60803adfe78e1e8879', 1, 'duty/rulemgr.ftl', '考勤规则定制', 0, 1, 'menu_submenu');		
INSERT INTO SCOURCE_INFO (SRC_ID, AUTHOR_ID, SRC_NAME, SRC_SORT, SRC_TYPE, SRC_URL, SRC_DESC, SRC_ORDER, ENABLED, STYLECSS) 
				VALUES ('db0877924039450ebbfb217a4c776765', 'f1b145ff615c4226b16be80a92b04d11', '考勤修改', '81f5045f299c4a60803adfe78e1e8879', 1, 'duty/recheck.ftl', '考勤明细修改', 0, 2, 'menu_submenu');

/*========角色数据初始化============*/				
INSERT INTO ROLE_INFO (ROLE_ID, ROLE_NAME, ROLE_SIGN, ROLE_DESC, ENABLED) 
				VALUES ('28d38709eee5498f9c7b469fd9b43d36', '项目经理', '9e635bb0864f4833aa06f0f1336cad34', '项目经理角色定义', 1);
INSERT INTO ROLE_INFO (ROLE_ID, ROLE_NAME, ROLE_SIGN, ROLE_DESC, ENABLED) 
				VALUES ('2f702d9a488c4ac1a0afe91c448fbe4c', '副部长', '4d135ae673cb48bfa52549db2c500953', '开发部副部长', 1);
INSERT INTO ROLE_INFO (ROLE_ID, ROLE_NAME, ROLE_SIGN, ROLE_DESC, ENABLED) 
				VALUES ('464e3f6c4ae84a5dba0792e6629956d2', '研发中心主任', '29c6ba74a0354a4aae0fc6e14d9d6961', '研发中心主任角色定义', 1);
INSERT INTO ROLE_INFO (ROLE_ID, ROLE_NAME, ROLE_SIGN, ROLE_DESC, ENABLED) 
				VALUES ('475de912788d4dbda57ec8f129286ecf', 'QA', '70eed5ac1d7048d68f3648df7640b6a1', 'QA角色访问资源', 1);
INSERT INTO ROLE_INFO (ROLE_ID, ROLE_NAME, ROLE_SIGN, ROLE_DESC, ENABLED) 
				VALUES ('65d155d41eac4189b58f3eb850321faa', '员工', '517a4e05b5d44b5096e9b3bd04bec654', '员工角色定义', 1);
INSERT INTO ROLE_INFO (ROLE_ID, ROLE_NAME, ROLE_SIGN, ROLE_DESC, ENABLED) 
				VALUES ('6e741384980d450d8d811242f86f1a23', '测试分管领导', '9e635bb0864f4833aa06f0f1336cad34', '测试小组组长', 1);
INSERT INTO ROLE_INFO (ROLE_ID, ROLE_NAME, ROLE_SIGN, ROLE_DESC, ENABLED) 
				VALUES ('811ee0a11edd4bd1858d13778e8c1326', '测试经理', 'c401a1050fe64b29ba60997e2a576d52', '测试团队测试经理', 1);
INSERT INTO ROLE_INFO (ROLE_ID, ROLE_NAME, ROLE_SIGN, ROLE_DESC, ENABLED) 
				VALUES ('9c1b8fb0896a48f2980cd054249862e0', '测试中心', '9e635bb0864f4833aa06f0f1336cad34', '测试中心领导', 1);
INSERT INTO ROLE_INFO (ROLE_ID, ROLE_NAME, ROLE_SIGN, ROLE_DESC, ENABLED) 
				VALUES ('a6cbd26dbeea47b99089ef3f7d020a18', '系统管理员', '67739c8463754234afdfba0f5ed3e4aa', '系统管理员', 1);
INSERT INTO ROLE_INFO (ROLE_ID, ROLE_NAME, ROLE_SIGN, ROLE_DESC, ENABLED) 
				VALUES ('c10ca7765381476f890edd2c9584441c', '部长', '1b4e7eb4a53349c09d5777fcfabae7ca', '研发分部部长', 1);
INSERT INTO ROLE_INFO (ROLE_ID, ROLE_NAME, ROLE_SIGN, ROLE_DESC, ENABLED) 
				VALUES ('c5436f89491a4281980abc0297159b03', '开发经理', 'c401a1050fe64b29ba60997e2a576d52', '网银团队PSM', 1);
INSERT INTO ROLE_INFO (ROLE_ID, ROLE_NAME, ROLE_SIGN, ROLE_DESC, ENABLED) 
				VALUES ('c9c1521e310047df8219fb08e0e07f51', '测试人员', '517a4e05b5d44b5096e9b3bd04bec654', '测试中心测试成员', 1);
INSERT INTO ROLE_INFO (ROLE_ID, ROLE_NAME, ROLE_SIGN, ROLE_DESC, ENABLED) 
				VALUES ('ccc019a341734effa2531573bd8f5a2a', '配置经理', 'c401a1050fe64b29ba60997e2a576d52', '测试团队环境配置负责人', 1);
/*================ 权限角色映射 针对系统管员 ============================*/
INSERT INTO ROLE_MAP_AUTHOR (MAPPING_ID,AUTHOR_ID,ROLE_ID)
				VALUES ('ccc019a341734effa2531573bd8f5a55','f1b145ff615c4226b16be80a92b04d11','a6cbd26dbeea47b99089ef3f7d020a18');
INSERT INTO ROLE_MAP_AUTHOR (MAPPING_ID,AUTHOR_ID,ROLE_ID)
				VALUES ('ccc019a341734effa2531573bd8f5a59','d367099fbc40457391ffc1ef2083a3ab','a6cbd26dbeea47b99089ef3f7d020a18');
/*================ 部门信息表============================*/			
INSERT INTO DEPARTMENT_INFO (DEPT_ID, NODE_DEEP, FATHER_ID, DEPT_NAME, DEPT_ORDER, ENABLED, LEAFNODE, NODE_XPATH) 
				VALUES ('0741e16a8bf7469084aab2b2509c6400', 1, '0741e16a8bf7469084aab2b2509c6480', '福州开发部', 3, 1, 0, '0741e16a8bf7469084aab2b2509c6480-0741e16a8bf7469084aab2b2509c6400');
INSERT INTO DEPARTMENT_INFO (DEPT_ID, NODE_DEEP, FATHER_ID, DEPT_NAME, DEPT_ORDER, ENABLED, LEAFNODE, NODE_XPATH) 
				VALUES ('0741e16a8bf7469084aab2b2509c6480', 0, '0741e16a8bf7469084aab2b2509c6480', '华南研发中心', 0, 1, 1, '0741e16a8bf7469084aab2b2509c6480');
INSERT INTO DEPARTMENT_INFO (DEPT_ID, NODE_DEEP, FATHER_ID, DEPT_NAME, DEPT_ORDER, ENABLED, LEAFNODE, NODE_XPATH) 
				VALUES ('0741e16a8bf7469084aab2b2509c6481', 1, '0741e16a8bf7469084aab2b2509c6480', '开发一部', 0, 1, 0, '0741e16a8bf7469084aab2b2509c6480-0741e16a8bf7469084aab2b2509c6481');
INSERT INTO DEPARTMENT_INFO (DEPT_ID, NODE_DEEP, FATHER_ID, DEPT_NAME, DEPT_ORDER, ENABLED, LEAFNODE, NODE_XPATH) 
				VALUES ('0741e16a8bf7469084aab2b2509c6482', 1, '0741e16a8bf7469084aab2b2509c6480', '珠海开发部', 2, 1, 0, '0741e16a8bf7469084aab2b2509c6480-0741e16a8bf7469084aab2b2509c6483');
INSERT INTO DEPARTMENT_INFO (DEPT_ID, NODE_DEEP, FATHER_ID, DEPT_NAME, DEPT_ORDER, ENABLED, LEAFNODE, NODE_XPATH) 
				VALUES ('0741e16a8bf7469084aab2b2509c6483', 1, '0741e16a8bf7469084aab2b2509c6480', '开发二部', 1, 1, 1, '0741e16a8bf7469084aab2b2509c6480-0741e16a8bf7469084aab2b2509c6483');
INSERT INTO DEPARTMENT_INFO (DEPT_ID, NODE_DEEP, FATHER_ID, DEPT_NAME, DEPT_ORDER, ENABLED, LEAFNODE, NODE_XPATH) 
				VALUES ('0741e16a8bf7469084aab2b2509c6484', 2, '0741e16a8bf7469084aab2b2509c6483', '主机', 0, 1, 0, '0741e16a8bf7469084aab2b2509c6480-0741e16a8bf7469084aab2b2509c6483-0741e16a8bf7469084aab2b2509c6484');
INSERT INTO DEPARTMENT_INFO (DEPT_ID, NODE_DEEP, FATHER_ID, DEPT_NAME, DEPT_ORDER, ENABLED, LEAFNODE, NODE_XPATH) 
				VALUES ('0741e16a8bf7469084aab2b2509c6485', 2, '0741e16a8bf7469084aab2b2509c6483', '网银', 1, 1, 0, '0741e16a8bf7469084aab2b2509c6480-0741e16a8bf7469084aab2b2509c6483-0741e16a8bf7469084aab2b2509c6485');
INSERT INTO DEPARTMENT_INFO (DEPT_ID, NODE_DEEP, FATHER_ID, DEPT_NAME, DEPT_ORDER, ENABLED, LEAFNODE, NODE_XPATH) 
				VALUES ('0741e16a8bf7469084aab2b2509c6486', 2, '0741e16a8bf7469084aab2b2509c6483', '测试中心', 2, 1, 1, '0741e16a8bf7469084aab2b2509c6480-0741e16a8bf7469084aab2b2509c6483-0741e16a8bf7469084aab2b2509c6486');
INSERT INTO DEPARTMENT_INFO (DEPT_ID, NODE_DEEP, FATHER_ID, DEPT_NAME, DEPT_ORDER, ENABLED, LEAFNODE, NODE_XPATH) 
				VALUES ('0741e16a8bf7469084aab2b2509c6487', 3, '0741e16a8bf7469084aab2b2509c6486', '测试一组', 0, 1, 0, '0741e16a8bf7469084aab2b2509c6480-0741e16a8bf7469084aab2b2509c6483-0741e16a8bf7469084aab2b2509c6486-0741e16a8bf7469084aab2b2509c6487');
INSERT INTO DEPARTMENT_INFO (DEPT_ID, NODE_DEEP, FATHER_ID, DEPT_NAME, DEPT_ORDER, ENABLED, LEAFNODE, NODE_XPATH) 
				VALUES ('0741e16a8bf7469084aab2b2509c6488', 3, '0741e16a8bf7469084aab2b2509c6486', '测试二组', 1, 1, 0, '0741e16a8bf7469084aab2b2509c6480-0741e16a8bf7469084aab2b2509c6483-0741e16a8bf7469084aab2b2509c6486-0741e16a8bf7469084aab2b2509c6488');
INSERT INTO DEPARTMENT_INFO (DEPT_ID, NODE_DEEP, FATHER_ID, DEPT_NAME, DEPT_ORDER, ENABLED, LEAFNODE, NODE_XPATH) 
				VALUES ('0741e16a8bf7469084aab2b2509c6489', 3, '0741e16a8bf7469084aab2b2509c6486', '测试三组', 2, 1, 0, '0741e16a8bf7469084aab2b2509c6480-0741e16a8bf7469084aab2b2509c6483-0741e16a8bf7469084aab2b2509c6486-0741e16a8bf7469084aab2b2509c6489');
INSERT INTO DEPARTMENT_INFO (DEPT_ID, NODE_DEEP, FATHER_ID, DEPT_NAME, DEPT_ORDER, ENABLED, LEAFNODE, NODE_XPATH) 
				VALUES ('0741e16a8bf7469084aab2b2509c6490', 3, '0741e16a8bf7469084aab2b2509c6486', '测试四组', 3, 1, 0, '0741e16a8bf7469084aab2b2509c6480-0741e16a8bf7469084aab2b2509c6483-0741e16a8bf7469084aab2b2509c6486-0741e16a8bf7469084aab2b2509c648b');
INSERT INTO DEPARTMENT_INFO (DEPT_ID, NODE_DEEP, FATHER_ID, DEPT_NAME, DEPT_ORDER, ENABLED, LEAFNODE, NODE_XPATH) 
				VALUES ('48e3eb6b0a7b40049266266180378bc1', 3, '0741e16a8bf7469084aab2b2509c6486', '测试五组', 4, 0, 0, '0741e16a8bf7469084aab2b2509c6480-0741e16a8bf7469084aab2b2509c6483-0741e16a8bf7469084aab2b2509c6486-48e3eb6b0a7b40049266266180378bc1');
INSERT INTO DEPARTMENT_INFO (DEPT_ID, NODE_DEEP, FATHER_ID, DEPT_NAME, DEPT_ORDER, ENABLED, LEAFNODE, NODE_XPATH) 
				VALUES ('53108d45171f4da1ad52c88260616f8d', 3, '0741e16a8bf7469084aab2b2509c6486', '测试五组', 9, 0, 0, '0741e16a8bf7469084aab2b2509c6480-0741e16a8bf7469084aab2b2509c6483-0741e16a8bf7469084aab2b2509c6486-53108d45171f4da1ad52c88260616f8d');
/*===========系统管理员数据 =========*/
INSERT INTO USER_BASIC (USER_ID, DEPT_ID, USER_LOGINID, USER_SEXED, USER_PASSWORD, USER_NAME, USER_IDENTITY, ENABLED, EXTENSION_NO, WORKING_PLACE, IP_ADDRESS, WORK_EMAIL, USER_MOBILENO, POLITICS_STATUS, MARITAL_STATUS, BIRTHDAY, EMPLOYEE_NO, QUALIFICATIONS, COMPANY_NAME, POST_TYPE, EDUCATION_BG, SPECIALTY_KNOW, GRADUATE_SCHOOL, DEGREE, WORKDATE, TEAM_STATS, CMPY_EMAIL) 
	VALUES ('00000000000000000000000000000000', '0741e16a8bf7469084aab2b2509c6480', 'admin', 1, 'e10adc3949ba59abbe56e057f20f883e', '系统管理员', '012345678912345', 1, '0000', '广州', '255.255.255.255', '', '13344324532', '1a27f9bf4b6646ccb011b2031611be5b', 1, '2010-01-01', '', '3f085794941d49c7aad553e2cef1744b', '', '654544f6c242468cb958fd4196d3e6a4', '0a68e9f98bc841cfbf8b0434c68ech3e', '', '', '0a68e9f98bc841cfbf8b0434c68ech6r', '2011-1-13', 1, NULL);
/*=========== 系统管理员 数据集权限 =========*/
INSERT INTO ACCESS_DATA_POWER (MAPPING_ID,USER_ID,DEPT_ID) 
	VALUES ('00000000000000000000000000000000','00000000000000000000000000000000','0741e16a8bf7469084aab2b2509c6480');
/*================ 角色人员映射============================*/
INSERT INTO USER_MAP_ROLE (MAPPING_ID,USER_ID,ROLE_ID)
		VALUES ('00000000000000000000000000000099','00000000000000000000000000000000','a6cbd26dbeea47b99089ef3f7d020a18');
/*================ 默认考勤============================*/
INSERT INTO CHECKING_RULE (RULE_ID, DEPT_ID, USER_ID, RULE_NAME, START_DATE, END_DATE, BEGIN_WEEK, END_WEEK, BEGINWK_TIME, ENDWK_TIME, ENTRYING_DATE, ENABLED) 
		VALUES ('99999999999999999999999999999999', '0741e16a8bf7469084aab2b2509c6480', '00000000000000000000000000000000', '默认考勤', '2011-1-1', '2099-1-1', 2, 6, '09:00', '18:30', CURRENT_DATE(), 1);
